molecule_id,fourth_atom_element
TR001,c
TR006,c
TR019,c
TR020,c
TR029,c
TR039,c
TR040,c
TR041,c
TR042,c
TR043,c
TR044,c
TR045,c
TR046,c
TR047,c
TR048,c
TR049,c
TR050,c
TR051,c
TR052,c
TR053,c
TR054,c
TR055,cl
TR056,c
TR057,c
TR058,c
TR059,c
TR060,c
TR061,c
TR062,c
TR063,c
TR064,c
TR065,c
TR066,c
TR067,c
TR068,c
TR069,c
TR070,c
TR071,c
TR072,c
TR073,c
TR074,c
TR075,c
TR076,c
TR077,c
TR078,c
TR079,c
TR080,c
TR081,c
TR082,c
TR083,c
TR084,c
TR085,c
TR086,c
TR087,c
TR088,c
TR089,c
TR090,c
TR091,c
TR092,c
TR093,c
TR094,c
TR095,c
TR096,c
TR097,c
TR098,c
TR099,c
TR100,c
TR101,c
TR102,c
TR103,c
TR104,c
TR105,c
TR106,c
TR107,c
TR108,c
TR109,c
TR110,c
TR111,c
TR112,c
TR113,c
TR114,c
TR115,c
TR116,c
TR117,c
TR118,c
TR119,c
TR120,c
TR121,c
TR122,c
TR123,c
TR124,c
TR125,c
TR126,c
TR127,c
TR128,c
TR129,c
TR130,c
TR131,c
TR132,c
TR133,c
TR134,c
TR135,c
TR136,c
TR137,c
TR138,c
TR139,c
TR140,c
TR141,c
TR142,c
TR143,c
TR144,c
TR145,c
TR146,c
TR147,c
TR148,c
TR149,c
TR150,c
TR151,c
TR152,c
TR153,c
TR154,c
TR155,c
TR156,c
TR157,c
TR158,c
TR159,c
TR160,c
TR161,c
TR162,c
TR163,c
TR164,c
TR165,c
TR166,c
TR167,c
TR168,c
TR169,c
TR170,c
TR171,c
TR172,c
TR173,c
TR174,c
TR175,c
TR176,c
TR177,c
TR178,c
TR179,c
TR180,c
TR181,c
TR182,c
TR183,c
TR184,c
TR185,c
TR186,c
TR187,c
TR188,c
TR189,c
TR190,c
TR191,c
TR192,c
TR193,c
TR194,c
TR195,c
TR196,c
TR197,c
TR198,c
TR199,c
TR200,c
TR201,c
TR202,c
TR203,c
TR204,c
TR205,c
TR206,c
TR207,c
TR208,c
TR209,c
TR210,c
TR211,c
TR212,c
TR213,c
TR214,c
TR215,c
TR216,c
TR217,c
TR218,c
TR219,c
TR220,c
TR221,c
TR222,c
TR223,c
TR224,c
TR225,c
TR226,c
TR227,c
TR228,c
TR229,c
TR230,c
TR231,c
TR232,c
TR233,c
TR234,c
TR235,c
TR236,c
TR237,c
TR238,c
TR239,c
TR240,c
TR241,c
TR242,c
TR243,c
TR244,c
TR245,c
TR246,c
TR247,c
TR248,c
TR249,c
TR250,c
TR251,c
TR252,c
TR253,c
TR254,c
TR255,c
TR256,c
TR257,c
TR258,c
TR259,c
TR260,c
TR261,c
TR262,c
TR263,c
TR264,c
TR265,c
TR266,c
TR267,c
TR268,c
TR269,c
TR270,c
TR271,c
TR272,c
TR273,c
TR274,c
TR275,c
TR276,c
TR277,c
TR278,c
TR279,c
TR280,c
TR281,c
TR282,c
TR283,c
TR284,c
TR285,c
TR286,c
TR287,c
TR288,c
TR289,c
TR290,c
TR291,c
TR292,c
TR293,c
TR294,c
TR295,c
TR296,c
TR297,c
TR298,c
TR299,c
TR300,c
TR301,c
TR302,c
TR303,c
TR304,c
TR305,c
TR306,c
TR307,c
TR308,c
TR309,c
TR310,c
TR311,c
TR312,c
TR313,c
TR314,c
TR315,c
TR316,c
TR317,c
TR318,c
TR319,c
TR320,c
TR321,c
TR322,c
TR323,c
TR324,c
TR325,c
TR326,c
TR327,c
TR328,c
TR329,c
TR330,c
TR331,c
TR332,c
TR333,c
TR334,c
TR335,c
TR336,c
TR337,c
TR338,c
TR339,c
TR340,c
TR341,c
TR342,c
TR343,c
TR344,c
TR345,c
TR346,c
TR347,c
TR348,c
TR349,c
TR350,c
TR351,c
TR352,c
TR353,c
TR354,c
TR355,c
TR356,c
TR357,c
TR358,c
TR359,c
TR360,c
TR361,c
TR362,c
TR363,c
TR364,c
TR365,c
TR366,c
TR367,c
TR368,c
TR369,c
TR370,c
TR371,c
TR372,c
TR373,c
TR374,c
TR375,c
TR376,c
TR377,c
TR378,c
TR379,c
TR380,c
TR381,c
TR382,c
TR383,c
TR384,c
TR385,c
TR386,c
TR387,c
TR388,c
TR389,c
TR390,c
TR391,c
TR392,c
TR393,c
TR394,c
TR395,c
TR396,c
TR397,c
TR398,c
TR399,c
TR400,c
TR401,c
TR402,c
TR403,c
TR404,c
TR405,c
TR406,c
TR407,c
TR408,c
TR409,c
TR410,c
TR411,c
TR412,c
TR413,c
TR414,c
TR415,c
TR416,c
TR417,c
TR418,c
TR419,c
TR420,c
TR421,c
TR422,c
TR423,c
TR424,c
TR425,c
TR426,c
TR427,c
TR428,c
TR429,c
TR430,c
TR431,c
TR432,c
TR433,c
TR434,c
TR435,c
TR436,c
TR437,c
TR438,c
TR439,c
TR440,c
TR441,c
TR442,c
TR443,c
TR444,c
TR445,c
TR446,c
TR447,c
TR448,c
TR449,c
TR450,c
TR451,c
TR452,c
TR453,c
TR454,c
TR455,c
TR456,c
TR457,c
TR458,c
TR459,c
TR460,c
TR461,c
TR462,c
TR463,c
TR464,c
TR465,c
TR466,c
TR467,c
TR468,c
TR469,c
TR470,c
TR471,c
TR472,c
TR473,c
TR474,c
TR475,c
TR476,c
TR477,c
TR478,c
TR479,c
TR480,c
TR481,c
TR482,c
TR483,c
TR484,c
TR485,c
TR486,c
TR487,c
TR488,c
TR489,c
TR490,c
TR491,c
TR492,c
TR493,c
TR494,c
TR495,c
TR496,c
TR497,c
TR498,c
TR499,c
